hotel_id,hotel_id_code
15526,603
29247,1066
1215,34
204284,2472
36341,1246
100860,2179
16664,637
199257,2363
39501,1328
49014,1452
209239,2582
14668,576
200215,2385
82718,1738
26509,989
108959,2207
19902,784
23840,914
74880,1542
83336,1758
30817,1105
310551,3030
34924,1206
208075,2548
9021,344
18855,744
94198,2097
34544,1195
13757,544
19899,783
21609,844
33146,1163
306305,2705
202491,2437
20110,787
88321,1923
35814,1234
89114,1954
309616,2935
17994,698
63548,1482
203989,2468
38149,1294
73737,1529
12994,509
306257,2702
33452,1173
144869,2298
89627,1974
17898,694
83611,1766
42946,1379
19280,760
10751,412
198577,2343
309955,2973
88610,1938
38453,1303
6342,243
24475,941
80182,1663
37026,1264
6774,263
10854,424
309032,2856
309507,2920
37368,1273
12685,490
16715,642
33196,1168
308812,2821
308107,2785
310308,3019
16916,653
309415,2906
234189,2622
81335,1691
80687,1677
202863,2445
88389,1927
37287,1272
84894,1807
690181,3113
209813,2597
34069,1185
309195,2870
83898,1775
17955,696
97216,2144
203847,2465
75204,1557
97025,2139
307998,2779
121746,2251
9479,366
199078,2359
197432,2306
309499,2916
2430,79
1688,45
76639,1592
27418,1015
118966,2238
92215,2067
201025,2404
119266,2239
84108,1787
133964,2276
81391,1692
12075,469
31616,1122
207268,2536
31983,1132
83867,1772
2368,75
41457,1362
90448,1996
19568,770
90061,1985
29459,1070
88032,1916
95682,2123
14543,572
3463,137
20909,816
309574,2927
310167,2994
78432,1626
205397,2500
34302,1192
13796,545
39400,1324
20437,801
24391,934
79281,1650
201940,2421
63933,1484
37553,1276
310790,3048
86330,1855
204632,2484
81693,1698
38889,1314
85905,1837
81423,1693
203965,2467
21235,832
89884,1979
44036,1399
36329,1245
199051,2357
4725,184
32113,1136
9991,388
97147,2142
91883,2053
485,3
31311,1116
32202,1141
200297,2388
78992,1642
7930,309
32402,1145
76693,1594
90961,2010
76867,1601
237266,2629
463,2
90173,1989
20870,813
206842,2528
11311,443
41338,1360
309490,2914
42405,1369
2096,66
23690,911
13427,528
15969,612
89893,1980
198927,2354
83939,1778
6311,240
9748,381
6255,234
210388,2610
202959,2447
203556,2457
309119,2861
79024,1644
19753,775
209080,2579
94313,2098
75312,1561
245978,2631
88406,1928
20287,796
201461,2414
36238,1243
27629,1023
309573,2926
15029,584
91459,2030
12935,503
88671,1941
308916,2836
309902,2967
82466,1725
81843,1704
85676,1826
723,9
309386,2900
96216,2129
80326,1665
35737,1232
116982,2228
3070,114
207118,2531
1201,31
38239,1295
258395,2638
23069,898
117178,2231
200877,2400
130316,2270
13867,550
64975,1490
34797,1201
310705,3044
1797,52
309295,2886
40186,1341
21846,853
58268,1479
7108,278
205419,2502
281339,2654
78381,1623
199059,2358
32647,1152
310806,3050
95139,2108
310219,3005
74849,1541
15395,595
16722,643
53133,1472
95315,2110
8376,322
308958,2842
234782,2625
308213,2790
36708,1255
208779,2574
223365,2615
200983,2403
10790,418
39736,1334
24786,948
197510,2308
25844,969
74974,1545
309424,2907
301542,2670
93766,2084
73525,1525
71627,1507
8909,339
203152,2451
90038,1984
85303,1815
83825,1770
89044,1951
46621,1432
44079,1402
308815,2822
19113,751
305961,2692
80254,1664
13469,529
39189,1319
99311,2168
90080,1986
303955,2671
90542,1997
87221,1894
88551,1936
199410,2367
86002,1841
96310,2130
310246,3011
84655,1801
87438,1899
29611,1074
207876,2544
17424,674
197632,2313
43257,1382
129795,2267
88200,1918
3374,135
41199,1357
29156,1064
309134,2863
19390,766
91273,2022
26112,982
74892,1543
29421,1069
17421,673
9007,343
83230,1755
2665,89
310100,2990
309508,2921
204485,2481
78961,1640
89560,1971
309825,2959
309327,2892
203796,2463
5402,204
13100,515
38557,1305
86552,1864
43649,1396
37029,1265
30045,1087
40806,1350
31790,1127
98140,2154
101242,2180
16038,615
26975,1004
310043,2985
76217,1585
22705,886
19061,749
205557,2506
305890,2688
309500,2917
18895,745
595425,3077
18367,718
75731,1580
208759,2571
198042,2330
9137,349
10300,398
142795,2292
37722,1282
7606,295
12849,499
200282,2387
27497,1019
76841,1598
2895,104
88319,1922
97912,2152
125646,2261
30968,1107
197377,2304
9830,384
44681,1412
39963,1338
96908,2136
24652,943
91774,2047
203705,2462
24064,924
95506,2119
76659,1593
14494,570
93737,2083
75505,1571
15782,607
2943,107
86067,1843
42443,1371
43595,1395
308895,2831
11257,438
63830,1483
309304,2889
9676,378
12717,492
96871,2135
10834,421
35470,1219
49865,1454
116718,2226
75625,1574
88997,1948
511754,3072
92105,2063
198828,2348
207293,2537
30552,1099
14074,558
133296,2274
114031,2219
11581,452
83872,1773
17547,678
88657,1939
4943,190
51418,1466
11545,450
41547,1363
235207,2626
209566,2586
30365,1095
86251,1852
203044,2449
205299,2496
25129,957
103164,2192
46375,1429
114886,2222
22061,863
8549,327
120013,2243
30395,1098
11681,459
309903,2968
38358,1298
24275,929
85667,1825
64580,1486
197877,2325
78359,1622
52232,1471
91816,2050
306029,2694
10425,404
20660,808
307108,2737
100143,2171
88340,1924
307960,2775
93706,2080
40430,1343
92370,2069
85521,1821
3157,121
205169,2493
81304,1690
2913,105
17110,663
307643,2758
310329,3020
689786,3108
31185,1113
22191,868
689724,3106
23877,917
306123,2699
2842,98
308791,2819
197908,2326
296054,2665
310767,3046
64663,1488
95383,2113
28166,1036
78198,1618
310276,3014
1980,60
64306,1485
28544,1045
73216,1511
7878,306
23889,918
94054,2092
70812,1505
644634,3078
91519,2034
206132,2517
25355,962
70270,1502
27929,1030
4389,168
2810,95
5163,200
308697,2809
19671,772
688323,3081
310245,3010
67907,1497
78758,1632
6604,256
18854,743
16921,654
36891,1261
690291,3114
310623,3039
16864,652
306597,2716
18361,717
75136,1553
83647,1767
9260,354
8258,317
29562,1073
310812,3051
122919,2255
11101,434
309760,2948
19127,752
73267,1515
7378,284
309390,2902
12845,498
85857,1833
64972,1489
73885,1533
144190,2294
5843,218
307614,2756
39628,1330
43406,1390
73906,1534
113206,2217
81666,1696
6917,267
309392,2903
310349,3022
12016,467
208628,2567
209710,2591
204696,2485
688350,3082
18801,742
13633,537
310244,3009
35603,1224
79713,1657
1786,51
43739,1397
308977,2845
81786,1702
12540,484
309716,2941
5978,223
6752,262
36549,1250
208440,2561
22940,890
11359,445
204437,2480
82649,1733
3525,142
13243,521
12178,473
306290,2704
7799,302
12979,508
207002,2530
10838,422
309821,2957
20272,795
76926,1602
98841,2164
30637,1103
45518,1422
18094,702
775,13
44676,1411
1930,58
82003,1711
78968,1641
91619,2042
306415,2711
46104,1425
80347,1666
23860,916
13416,526
309590,2930
89778,1977
202193,2428
310508,3029
30979,1109
40414,1342
32516,1148
78805,1633
688917,3097
35534,1221
21494,836
77066,1606
103319,2194
16157,621
9492,367
306331,2707
4338,164
308986,2847
26950,1002
18488,724
24700,945
1122,27
45274,1420
28118,1034
18522,727
17174,667
13621,536
36775,1259
22406,874
16972,655
49472,1453
308845,2827
271633,2647
13800,546
47575,1438
25271,961
82008,1712
16751,645
202556,2439
22442,876
81949,1709
83495,1761
102048,2184
47418,1437
206745,2527
209932,2604
20688,810
309019,2853
15981,613
1144,30
78590,1628
89254,1957
74840,1540
688760,3092
309989,2979
84596,1800
91790,2048
33905,1181
198225,2337
86397,1858
197833,2322
37633,1278
47840,1439
90182,1990
204361,2477
15881,611
9135,347
32168,1138
33484,1175
306733,2722
91803,2049
9546,370
79597,1654
25121,956
307240,2740
26595,992
198245,2338
85854,1832
209831,2599
111485,2213
308066,2783
39207,1320
220121,2614
688867,3094
201581,2415
10010,389
5004,193
309034,2857
203639,2460
37925,1287
5117,198
9281,356
27824,1025
66518,1492
309228,2875
4611,179
11522,449
309840,2961
205735,2512
305567,2678
306976,2730
11357,444
9353,361
73382,1521
19167,753
308987,2848
18143,705
26529,990
44733,1414
308661,2807
24372,933
307141,2738
307702,2760
22546,881
21138,827
21940,857
33569,1177
230802,2620
19683,773
205713,2510
3313,130
95993,2126
15853,610
200555,2395
306036,2696
200039,2381
205161,2491
310203,3002
308753,2814
205404,2501
210341,2609
198155,2335
82939,1748
2299,73
13203,518
263046,2645
38447,1301
236304,2627
85777,1831
110509,2211
23049,896
73540,1526
210175,2605
31463,1117
109481,2209
10410,402
33178,1167
8607,329
26875,998
209659,2589
84105,1786
23668,910
86341,1856
204754,2487
199309,2366
7290,279
127242,2264
21534,839
7453,289
19257,758
204568,2483
204122,2469
23348,903
205358,2499
309442,2912
83506,1762
14781,580
76759,1597
689443,3102
311006,3058
40014,1339
95488,2117
209817,2598
32525,1149
40574,1345
39430,1326
80664,1675
36573,1253
9783,382
14039,557
34818,1202
27831,1026
97613,2151
89424,1965
91690,2044
9946,387
309357,2896
86950,1878
201950,2422
81188,1688
80957,1683
1336,37
19340,763
25213,960
95635,2122
73750,1530
310396,3025
311017,3059
4707,182
42715,1374
308927,2838
97454,2149
75637,1575
100292,2173
34680,1199
10389,399
2506,81
14975,583
2894,103
13562,533
9212,352
18238,713
30377,1096
98591,2160
10578,408
29357,1067
35793,1233
29546,1072
688918,3098
93849,2086
253572,2634
101396,2181
204353,2476
17956,697
84202,1790
1869,53
305552,2677
85622,1823
75547,1572
208614,2566
90374,1994
309302,2888
100055,2170
1967,59
8237,316
197982,2327
6308,239
93702,2079
123723,2258
308392,2799
14121,559
309954,2972
18211,710
308350,2796
23044,895
2234,70
75285,1559
35931,1236
17130,665
7354,282
197780,2319
12072,468
37276,1271
202480,2434
5467,206
80135,1662
20397,799
66984,1495
1009,23
11370,446
48063,1445
79326,1651
7779,301
78177,1617
87684,1906
200422,2392
2515,82
134473,2278
87203,1892
23632,908
12387,478
19324,761
199156,2361
64659,1487
44567,1410
208484,2563
82178,1718
34173,1189
5723,214
16215,625
139370,2281
40113,1340
197524,2309
28526,1043
310049,2986
7350,281
89219,1956
310981,3056
34089,1186
200696,2398
6965,269
38790,1312
87576,1903
15482,599
39224,1321
119953,2242
6566,255
19206,756
11889,464
73341,1518
26178,984
12682,489
311019,3060
83288,1756
13253,522
9462,365
310591,3035
10684,410
252970,2633
2038,63
23413,904
11165,435
84010,1783
1210,32
31896,1128
8629,330
88848,1944
308338,2793
29985,1084
39649,1333
37896,1285
2850,99
94169,2095
90879,2007
66454,1491
39647,1332
308966,2844
396607,3069
92813,2071
35184,1213
74087,1536
24013,921
308819,2824
23065,897
35710,1229
28152,1035
18621,732
309289,2885
43372,1388
309588,2929
8152,313
79469,1653
141202,2286
733,10
44045,1400
22363,873
98736,2163
32288,1143
200924,2401
688391,3083
21550,841
35621,1225
39447,1327
4572,176
24469,939
18215,711
34066,1184
75481,1568
199742,2374
44388,1407
23489,906
79391,1652
21738,851
308181,2788
26389,987
33476,1174
1591,44
15072,585
91650,2043
73523,1524
307872,2765
30167,1090
262099,2642
87726,1907
80763,1681
27858,1027
209799,2595
200178,2384
95159,2109
33007,1158
28906,1061
308648,2806
307838,2763
5558,210
90127,1988
86436,1860
37179,1270
8462,325
300066,2667
38580,1306
91944,2056
40578,1346
17728,687
82848,1746
4054,154
10283,395
16814,649
4302,163
7360,283
13974,554
308141,2787
308824,2825
17066,661
308044,2782
33288,1170
7466,290
24417,936
32646,1151
85511,1819
44093,1404
26767,996
309223,2874
233811,2621
38940,1316
32967,1156
4809,186
2716,92
92091,2061
21933,856
91383,2027
17500,676
9664,377
20156,791
76610,1591
103650,2198
199976,2378
92199,2066
99640,2169
197834,2323
309397,2905
309328,2893
100297,2174
51387,1463
22441,875
35321,1216
309604,2933
306414,2710
89483,1970
10191,393
28901,1060
12781,495
17550,679
34104,1187
103379,2195
132880,2272
24967,953
51242,1461
24173,927
198310,2339
85373,1816
5615,212
310696,3043
31086,1112
77359,1613
6231,233
308494,2801
19977,785
209569,2587
204924,2489
310263,3013
16666,638
27279,1011
31263,1115
24914,952
8271,319
99234,2167
21850,854
91918,2055
123569,2256
91611,2041
20306,797
141562,2287
44068,1401
97413,2147
328604,3066
308202,2789
22690,885
7850,305
6318,241
75037,1548
88414,1929
198182,2336
205163,2492
9399,362
208224,2554
80665,1676
84109,1788
88061,1917
209685,2590
16616,635
2727,93
1562,43
13732,541
11500,448
12887,501
8708,333
24884,951
197790,2320
15691,605
127421,2265
17645,681
91861,2052
205680,2509
16810,648
14332,566
3245,127
6482,248
6630,259
18549,728
16984,657
13672,540
2417,77
18201,709
76861,1600
19359,764
208964,2578
4587,178
197593,2311
75500,1569
94889,2106
12590,486
234471,2623
87040,1886
34352,1193
1877,54
306737,2723
36227,1242
308715,2812
80365,1667
98336,2155
310093,2989
72425,1508
2891,102
8636,331
32941,1154
28800,1054
309213,2873
88452,1932
91477,2031
141614,2288
1744,47
688439,3085
28636,1047
309766,2949
16402,628
87000,1882
118824,2237
29927,1082
19101,750
4563,175
31766,1126
21695,850
22665,884
89451,1967
31750,1125
43548,1391
201654,2418
18706,736
93731,2082
81439,1694
4438,171
688869,3095
34549,1196
203168,2453
10776,416
91205,2019
38349,1297
6516,252
9455,364
41985,1366
306891,2727
310559,3032
13132,516
10290,397
3454,136
26882,999
75159,1555
308894,2830
82055,1716
1906,55
113589,2218
75093,1552
95461,2116
310052,2987
82335,1721
201370,2410
127064,2263
203574,2458
43174,1381
24316,930
18718,737
306064,2697
688506,3087
201319,2408
309428,2909
88353,1925
44455,1408
86820,1875
5126,199
35729,1231
13470,530
91895,2054
20150,789
89378,1963
56274,1475
26892,1000
82986,1749
198145,2333
12761,494
102219,2187
306479,2714
310291,3018
73328,1517
109168,2208
91368,2026
83935,1777
6855,265
78301,1620
20893,815
2556,84
4997,192
18187,708
82723,1740
309070,2858
24710,946
27867,1028
308579,2803
75736,1581
17158,666
21582,842
19035,748
430,0
35263,1215
24248,928
85661,1824
308904,2834
17832,692
4186,160
307566,2752
5788,215
9732,380
28709,1050
1449,39
23460,905
236345,2628
2673,90
309379,2899
88386,1926
310205,3003
198474,2341
84007,1782
16974,656
76535,1586
12707,491
263078,2646
75412,1564
47870,1440
36988,1262
198843,2349
84847,1806
75667,1577
89923,1981
12936,504
199675,2372
283781,2658
9169,350
134449,2277
86876,1877
18102,703
16452,630
15789,608
60152,1480
206692,2525
33623,1178
81171,1687
309854,2963
130103,2269
77238,1610
77109,1607
7049,274
30090,1088
230417,2619
85862,1834
20251,794
310041,2984
28845,1057
31914,1129
310976,3055
20183,792
202121,2426
309701,2940
205347,2497
33947,1182
21876,855
25103,955
3297,129
7687,299
98057,2153
310243,3008
75420,1566
83603,1765
6292,237
27575,1022
203366,2456
588788,3075
86452,1862
23202,901
145529,2301
310769,3047
204193,2470
74466,1538
45168,1416
91537,2036
80089,1659
2640,88
198154,2334
21196,830
17711,685
43357,1387
11200,436
139478,2282
94762,2105
6527,253
26764,995
100317,2175
90820,2004
91016,2012
89430,1966
93710,2081
309918,2969
92093,2062
202229,2429
305710,2685
200401,2391
25925,971
38945,1317
309527,2923
3651,149
35057,1210
13646,538
308639,2805
86169,1850
25152,958
309027,2854
310234,3007
7827,304
93941,2088
22185,867
7076,277
259281,2639
97398,2146
309603,2932
37905,1286
311038,3063
16618,636
15183,589
206280,2520
311048,3064
202339,2430
3499,140
307016,2733
208303,2559
792,14
309698,2939
74142,1537
310173,2995
27024,1006
114328,2221
5979,224
306649,2720
86979,1881
309441,2911
9804,383
44255,1406
68314,1498
41264,1358
91479,2032
23023,892
2987,109
40747,1349
81869,1707
310459,3028
19394,767
94625,2100
80571,1673
688592,3089
89460,1968
36124,1240
309758,2947
90922,2008
43294,1384
22195,870
56572,1477
18236,712
90777,2003
18492,725
40815,1351
9727,379
689197,3100
204288,2474
76931,1603
306927,2728
309858,2964
89833,1978
111413,2212
200079,2382
3084,115
8589,328
306641,2719
23549,907
107115,2204
83896,1774
202671,2442
29888,1080
75197,1556
310197,3001
16468,632
89293,1958
141722,2290
27353,1013
309301,2887
11289,441
73797,1531
81262,1689
204411,2478
309267,2882
27520,1021
309769,2950
203092,2450
25890,970
78395,1624
7389,285
86490,1863
20316,798
90710,2001
31672,1123
309234,2877
205762,2513
197702,2315
307904,2769
210323,2608
307910,2770
18151,706
89002,1949
36539,1249
82572,1729
310115,2991
309506,2919
75014,1547
309598,2931
87403,1897
13391,524
49991,1456
309781,2952
83991,1780
93585,2077
75746,1583
208955,2577
91208,2020
198618,2345
207589,2540
46119,1426
3637,147
30636,1102
28788,1053
11279,440
19417,769
78747,1631
15263,591
3291,128
23783,913
92122,2064
15496,600
563008,3073
86836,1876
34250,1190
8903,338
121134,2248
30185,1091
25958,974
112022,2215
86744,1873
199664,2371
309388,2901
40482,1344
36556,1251
18412,721
23283,902
676252,3079
89062,1952
75738,1582
310394,3024
307442,2748
688446,3086
3971,152
8399,323
21618,845
7501,291
5927,221
36297,1244
125049,2260
29934,1083
308381,2797
97437,2148
310935,3052
53405,1474
198059,2331
38684,1311
287514,2662
117631,2232
73370,1520
83033,1750
20924,817
87084,1888
309579,2928
13166,517
307564,2751
308810,2820
308598,2804
304605,2672
28508,1042
3219,123
200962,2402
20631,806
11672,458
305586,2681
24072,925
308898,2832
10054,391
6213,231
73483,1523
6064,225
307269,2744
6269,235
689886,3110
73475,1522
94082,2094
209183,2581
29185,1065
9600,372
28070,1032
91079,2015
3922,151
21152,828
857,17
201385,2411
86440,1861
8675,332
107503,2205
308844,2826
309314,2891
98510,2158
77111,1608
20788,811
23847,915
310033,2983
308702,2810
30311,1094
309816,2956
309373,2897
309957,2974
4081,157
83702,1769
22001,860
202992,2448
82545,1728
133028,2273
26317,985
308098,2784
8959,341
10394,401
328790,3067
96660,2134
307961,2776
13977,555
90860,2006
99038,2166
48013,1444
689399,3101
41871,1364
198769,2347
13835,548
2926,106
51186,1460
28851,1058
963,21
36089,1239
21950,858
95370,2112
35039,1209
16746,644
1775,48
88473,1933
106794,2201
30387,1097
89474,1969
202705,2443
90382,1995
28994,1063
37584,1277
2872,100
1912,57
209357,2583
98593,2161
16853,651
82841,1745
51431,1467
306335,2708
17071,662
309164,2867
82786,1743
15435,598
204195,2471
689478,3103
17218,668
689550,3104
210188,2606
87775,1909
12480,482
9639,375
21591,843
199047,2356
11039,431
305599,2682
25947,973
23976,919
93058,2074
92693,2070
10947,428
29908,1081
211268,2611
16505,633
14854,581
14727,579
75418,1565
7075,276
2100,67
71013,1506
10785,417
75648,1576
89137,1955
11099,433
26421,988
11725,460
13620,535
309720,2944
207157,2533
87986,1915
204919,2488
307886,2766
91070,2014
283534,2657
17705,684
31953,1130
203243,2455
89935,1982
84927,1809
310252,3012
2371,76
86212,1851
309498,2915
1910,56
198998,2355
20665,809
37707,1281
16998,658
6508,250
208086,2550
206615,2523
21073,824
9332,358
7585,293
10824,420
32997,1157
198907,2353
256039,2635
311023,3061
45223,1419
88560,1937
29662,1075
309235,2878
83679,1768
100410,2177
10728,411
134580,2279
689708,3105
10678,409
4824,187
199802,2375
7589,294
18410,720
307052,2736
3096,117
20462,803
2797,94
11982,466
8051,312
208243,2556
119356,2241
120869,2246
7812,303
307576,2753
83303,1757
309431,2910
704,8
42819,1376
308756,2815
87435,1898
22789,887
8949,340
580,6
208603,2565
202641,2441
14202,563
82493,1726
96955,2137
21413,834
207466,2539
199141,2360
76976,1604
20453,802
9628,373
31974,1131
80446,1669
208107,2551
259525,2640
87806,1910
94736,2103
82031,1714
90552,1998
6682,261
17256,672
122067,2253
30164,1089
4982,191
91129,2016
86614,1867
309823,2958
115838,2225
10475,405
51771,1469
308741,2813
3365,133
3560,144
34906,1205
13736,542
35873,1235
16128,620
197443,2307
76546,1587
107043,2203
20877,814
307035,2735
15177,588
207908,2545
5332,202
80817,1682
70340,1503
6813,264
114252,2220
92988,2072
11731,461
9348,360
21108,826
33158,1165
300874,2669
308961,2843
2884,101
87130,1891
198030,2329
26800,997
36754,1258
94067,2093
307787,2762
17717,686
202345,2431
95451,2115
93690,2078
3135,119
41162,1356
19772,776
306885,2726
32635,1150
13400,525
97571,2150
76739,1596
8996,342
307983,2777
26914,1001
86317,1853
8821,337
76706,1595
51404,1465
228302,2618
204978,2490
84753,1804
88852,1945
310134,2992
7941,310
29787,1079
36733,1257
85947,1838
21678,848
20424,800
199231,2362
38042,1292
50895,1458
309809,2954
203215,2454
85106,1811
205560,2507
5525,209
86121,1848
30228,1092
20943,818
35703,1228
309163,2866
2523,83
79210,1648
9126,346
28821,1055
81164,1686
28105,1033
309202,2871
307252,2742
288895,2664
87054,1887
89382,1964
19847,778
205965,2515
86971,1880
198899,2352
24820,949
78492,1627
16677,640
198887,2351
17704,683
86107,1845
18558,730
1438,38
36528,1248
23764,912
92039,2059
87034,1885
3553,143
47980,1443
201139,2405
103254,2193
28290,1039
86694,1869
22063,864
29713,1077
87020,1883
16784,647
18732,738
6080,226
208254,2557
46162,1427
24432,937
85874,1835
13234,520
38900,1315
201608,2416
689032,3099
80979,1684
37486,1275
42109,1368
210276,2607
5674,213
9629,374
97011,2138
1710,46
144761,2297
48179,1448
6974,270
15803,609
4666,180
1521,41
6634,260
83523,1763
310030,2982
7058,275
310188,2999
6201,229
309542,2925
75209,1558
200092,2383
306935,2729
91694,2045
309717,2942
310208,3004
836,16
75346,1562
27454,1017
82046,1715
32169,1139
10959,429
13043,510
436,1
13581,534
35686,1227
200645,2397
104342,2199
115137,2223
309719,2943
197591,2310
91300,2024
15634,604
1996,61
209903,2602
1301,36
9306,357
305774,2687
111671,2214
21422,835
22026,861
207959,2546
85576,1822
73975,1535
688512,3088
37173,1269
310667,3040
121932,2252
95539,2120
74902,1544
22482,879
16761,646
308677,2808
11559,451
260852,2641
197653,2314
208471,2562
310383,3023
9645,376
207228,2535
3647,148
4580,177
36662,1254
2611,86
20609,805
202490,2436
86720,1871
208790,2575
41333,1359
10884,426
37890,1284
200024,2380
84541,1798
43588,1393
305391,2673
2284,72
18268,714
28230,1038
87735,1908
15317,592
91144,2017
198118,2332
68564,1500
1233,35
17219,669
7448,288
10390,400
90625,2000
33721,1180
82686,1737
77064,1605
309426,2908
89607,1972
306328,2706
8717,335
307766,2761
43591,1394
139916,2284
13912,551
197027,2302
240118,2630
12541,485
208057,2547
202020,2424
31061,1111
11950,465
4512,173
4079,156
35566,1222
309848,2962
85166,1812
5051,194
35579,1223
27052,1007
8417,324
6210,230
45189,1418
11613,454
28683,1049
31512,1119
197990,2328
20069,786
93935,2087
14682,577
89372,1962
98444,2157
101974,2183
311029,3062
3476,138
10855,425
7023,273
145381,2300
25014,954
10771,415
12941,505
202887,2446
116964,2227
308780,2818
202467,2433
89321,1959
7730,300
42415,1370
140793,2285
36062,1237
27428,1016
13213,519
201638,2417
82658,1736
22832,888
263011,2644
46784,1434
199844,2377
274117,2650
309791,2953
86588,1865
87098,1890
86709,1870
90185,1991
19859,779
76604,1590
30269,1093
11025,430
9216,353
35134,1212
5456,205
38043,1293
14623,575
6413,245
18556,729
87884,1912
82653,1734
207165,2534
30892,1106
309261,2881
66541,1493
10766,414
91577,2040
15236,590
24470,940
86048,1842
9504,368
205843,2514
211354,2612
47088,1436
27505,1020
9940,386
34585,1198
42849,1378
23986,920
102995,2190
203609,2459
17702,682
78072,1614
208334,2560
130759,2271
12809,496
6161,228
310554,3031
25977,976
16712,641
3234,125
307892,2767
50098,1457
297621,2666
13915,552
47927,1441
9519,369
689762,3107
77235,1609
144064,2293
5385,203
144712,2296
73346,1519
82025,1713
80751,1679
31542,1120
12977,507
44086,1403
310799,3049
310611,3037
96314,2131
10503,406
1007,22
6872,266
28741,1051
47944,1442
197820,2321
4395,170
84540,1797
22192,869
206733,2526
201888,2420
86072,1844
309866,2965
22091,865
15078,587
32050,1135
21160,829
3631,146
29995,1085
208672,2568
307632,2757
15994,614
204287,2473
307846,2764
37701,1280
30970,1108
307468,2749
28363,1040
306635,2718
209931,2603
38656,1310
35114,1211
24334,931
26587,991
205733,2511
47075,1435
122786,2254
308501,2802
82537,1727
79689,1656
13830,547
21072,823
144255,2295
79161,1646
91560,2038
308913,2835
91509,2033
307291,2746
309934,2971
85003,1810
308982,2846
9273,355
28200,1037
3518,141
48137,1447
29736,1078
199542,2370
307020,2734
45323,1421
202125,2427
282752,2656
3040,112
6348,244
7966,311
75047,1549
14175,562
67340,1496
93959,2089
42588,1373
82657,1735
82880,1747
43260,1383
19386,765
24490,942
14474,568
32269,1142
80712,1678
309756,2946
12958,506
123709,2257
206088,2516
347458,3068
87506,1902
37852,1283
78415,1625
34149,1188
85775,1830
5308,201
310283,3016
40732,1348
36078,1238
6277,236
19326,762
310425,3027
78855,1636
309393,2904
198617,2344
309505,2918
307013,2732
307360,2747
20639,807
199287,2364
82632,1732
80651,1674
139526,2283
198436,2340
306466,2713
33229,1169
38013,1291
102119,2185
37020,1263
81853,1705
115775,2224
546,4
18047,700
6981,271
204715,2486
8325,321
75431,1567
81676,1697
78905,1638
309987,2978
2817,96
86115,1847
306134,2700
88427,1930
202496,2438
200489,2394
309189,2869
95792,2125
24085,926
306775,2724
3628,145
1778,50
11637,455
32043,1134
199295,2365
19728,774
89105,1953
207312,2538
25935,972
48314,1450
17740,688
26077,980
38585,1308
1212,33
3232,124
30753,1104
6294,238
198555,2342
49872,1455
83965,1779
51180,1459
309998,2980
42776,1375
208235,2555
24020,922
39175,1318
305551,2676
78623,1629
43587,1392
26100,981
14710,578
27928,1029
33302,1171
200340,2390
79606,1655
199511,2369
38448,1302
25962,975
208855,2576
80453,1670
18642,733
103533,2197
87643,1904
136801,2280
203817,2464
15074,586
121187,2249
37078,1267
5816,216
27466,1018
205356,2498
308233,2791
13546,532
10411,403
82805,1744
18433,723
84360,1792
309927,2970
280021,2652
144898,2299
20970,820
36830,1260
7005,272
44708,1413
36717,1256
431689,3070
73247,1514
209444,2585
309154,2864
76556,1589
85518,1820
688694,3091
11254,437
309377,2898
20509,804
96063,2127
208080,2549
35677,1226
6514,251
86617,1868
33656,1179
205444,2503
8820,336
19875,780
206987,2529
9136,348
14480,569
208715,2569
14317,565
80444,1668
690138,3112
38384,1299
93474,2076
29396,1068
73309,1516
272017,2648
32506,1147
14550,573
24834,950
12141,472
308386,2798
5820,217
4361,166
204416,2479
88256,1919
1513,40
18134,704
86959,1879
88758,1943
7537,292
1013,24
35722,1230
21495,837
98355,2156
309306,2890
18403,719
89987,1983
90760,2002
25645,968
310608,3036
75301,1560
108817,2206
310183,2998
307942,2773
81860,1706
9555,371
308902,2833
689852,3109
38583,1307
95399,2114
31249,1114
278817,2651
28557,1046
18750,740
48219,1449
17830,691
26116,983
31006,1110
203154,2452
79733,1658
86723,1872
10807,419
16041,616
204350,2475
13966,553
309282,2884
12728,493
32452,1146
34268,1191
51631,1468
43394,1389
308008,2781
1123,28
1777,49
95351,2111
81814,1703
35005,1207
25543,966
33167,1166
3143,120
19826,777
5867,219
33978,1183
61429,1481
95726,2124
99028,2165
310622,3038
197594,2312
75059,1551
87325,1896
833,15
15733,606
82720,1739
308007,2780
18318,715
26327,986
89371,1961
84402,1793
70579,1504
19266,759
14940,582
7646,297
309176,2868
25171,959
310174,2996
205519,2505
200002,2379
103150,2191
129826,2268
85877,1836
27397,1014
45535,1423
281316,2653
77309,1611
307957,2774
10284,396
205448,2504
12414,481
89616,1973
27940,1031
12243,475
6626,257
28992,1062
117083,2230
80754,1680
75048,1550
308991,2850
306791,2725
17461,675
308116,2786
11887,463
18338,716
32893,1153
9198,351
4057,155
209807,2596
308760,2816
51393,1464
209716,2592
84426,1794
121298,2250
17546,677
4836,188
13863,549
5076,196
96526,2133
78892,1637
16412,629
309210,2872
309002,2852
204506,2482
73834,1532
206230,2519
79058,1645
82077,1717
13756,543
306725,2721
83928,1776
309251,2880
17234,671
42470,1372
286036,2659
209881,2600
4518,174
40675,1347
100206,2172
20866,812
86804,1874
38006,1289
199724,2373
209431,2584
311003,3057
11260,439
83406,1759
308817,2823
23095,899
78851,1635
12287,476
31478,1118
11445,447
13078,514
33486,1176
22473,878
197146,2303
201432,2413
14366,567
6461,247
36194,1241
18971,746
79002,1643
81509,1695
306982,2731
94041,2091
34735,1200
21222,831
9405,363
310289,3017
44521,1409
12658,487
13649,539
20144,788
16068,619
26959,1003
78698,1630
21403,833
307143,2739
22252,871
305637,2683
35459,1218
228181,2617
81732,1701
310585,3034
10849,423
80103,1661
309982,2977
4675,181
16160,622
43075,1380
206515,2522
199493,2368
120255,2245
198692,2346
13525,531
309812,2955
201966,2423
110119,2210
309965,2976
11060,432
92361,2068
9059,345
309961,2975
1129,29
87023,1884
100784,2178
87962,1914
197837,2324
22925,889
207147,2532
5964,222
2832,97
33025,1160
48111,1446
4496,172
28527,1044
19648,771
764,12
945,20
26665,993
141633,2289
310192,3000
85771,1829
88664,1940
6929,268
78130,1616
103458,2196
4709,183
24040,923
305944,2691
20955,819
91446,2029
19889,781
33311,1172
10542,407
28841,1056
88446,1931
15433,597
12485,483
97165,2143
38500,1304
24412,935
78951,1639
311051,3065
17220,670
14599,574
14139,560
27715,1024
38443,1300
688280,3080
308345,2795
18977,747
4387,167
96100,2128
87206,1893
17935,695
307492,2750
78813,1634
41010,1354
308917,2837
57617,1478
86109,1846
203681,2461
87446,1900
80463,1671
16839,650
33036,1162
688634,3090
85475,1818
308451,2800
201286,2407
3691,150
2578,85
282409,2655
8714,334
921,18
18734,739
310679,3042
6546,254
18032,699
91031,2013
13281,523
308707,2811
90560,1999
84582,1799
83116,1753
73226,1513
82416,1722
310226,3006
74835,1539
97246,2145
688899,3096
309277,2883
106915,2202
690011,3111
92133,2065
88513,1934
27097,1010
21841,852
68429,1499
257954,2637
6323,242
31697,1124
84679,1802
28892,1059
46432,1430
206668,2524
207707,2542
208146,2552
9906,385
308932,2840
12189,474
26997,1005
288741,2663
84349,1791
306554,2715
309538,2924
3187,122
305901,2689
34507,1194
90081,1987
39787,1336
309161,2865
83827,1771
200445,2393
2469,80
4210,161
85454,1817
309868,2966
208196,2553
83118,1754
91979,2057
273639,2649
2423,78
22612,882
25429,963
300431,2668
305647,2684
7397,286
21075,825
4934,189
117772,2233
12817,497
91157,2018
69420,1501
89659,1975
10031,390
84755,1805
86326,1854
310335,3021
197744,2316
17031,659
310279,3015
4778,185
262903,2643
2703,91
75501,1570
41897,1365
94740,2104
2018,62
91520,2035
39641,1331
4349,165
309229,2876
592374,3076
34567,1197
25441,965
308892,2829
91564,2039
286913,2661
33026,1161
91393,2028
201665,2419
120135,2244
91704,2046
66698,1494
208778,2573
29689,1076
5905,220
102917,2188
2093,65
202606,2440
20991,821
309826,2960
92046,2060
82435,1723
12878,500
9343,359
35402,1217
35006,1208
208762,2572
202064,2425
201348,2409
19180,754
930,19
14310,564
73205,1510
93310,2075
22281,872
26018,979
4394,169
309114,2860
27068,1008
7916,307
41155,1355
197746,2317
73615,1527
84066,1784
98550,2159
308888,2828
29512,1071
209902,2601
7921,308
33154,1164
20236,793
98723,2162
94183,2096
23006,891
310153,2993
1046,25
51286,1462
310578,3033
16593,634
6222,232
97138,2141
51869,1470
307257,2743
306342,2709
93037,2073
100326,2176
124445,2259
18093,701
16461,631
89032,1950
745,11
27333,1012
199807,2376
44204,1405
18493,726
3091,116
75696,1579
37979,1288
38878,1313
41003,1353
87659,1905
96454,2132
42832,1377
87837,1911
8524,326
18608,731
91553,2037
93803,2085
82754,1741
92015,2058
310973,3054
13052,512
8220,314
257725,2636
31545,1121
310029,2981
202377,2432
36559,1252
22519,880
17872,693
88903,1946
200739,2399
306244,2701
5485,208
308286,2792
8268,318
5060,195
6498,249
309778,2951
46562,1431
38654,1309
234483,2624
309121,2862
676,7
308766,2817
6086,227
20155,790
37145,1268
23650,909
11652,457
32123,1137
73224,1512
305576,2679
38007,1290
16202,624
4290,162
208594,2564
206224,2518
81978,1710
39520,1329
206419,2521
305540,2675
17764,689
125715,2262
12108,470
198880,2350
40941,1352
82594,1730
2953,108
25440,964
17126,664
310971,3053
75137,1554
18421,722
11302,442
86357,1857
5106,197
310677,3041
305929,2690
104393,2200
307270,2745
45172,1417
309351,2894
15522,602
85714,1828
24770,947
306105,2698
15352,594
16223,626
16173,623
12398,480
306268,2703
203929,2466
26003,978
37414,1274
39405,1325
85286,1814
39939,1337
309473,2913
23167,900
8316,320
102157,2186
207843,2543
28666,1048
18687,735
309352,2895
3357,131
83997,1781
41355,1361
28477,1041
44901,1415
19891,782
90827,2005
12674,488
2135,68
128848,2266
80091,1660
90344,1993
73717,1528
7340,280
5579,211
118037,2234
76843,1599
1060,26
19403,768
10214,394
43836,1398
4001,153
306604,2717
90935,2009
89725,1976
207667,2541
87937,1913
13077,513
200232,2386
91311,2025
83546,1764
85237,1813
201241,2406
118655,2236
209177,2580
309031,2855
39766,1335
97095,2140
88904,1947
10755,413
88550,1935
11600,453
43326,1385
309682,2937
310083,2988
307902,2768
16043,617
307925,2772
79246,1649
17804,690
15509,601
305432,2674
32003,1133
209794,2594
84153,1789
15329,593
75616,1573
212137,2613
94681,2102
16380,627
87088,1889
83102,1752
309697,2938
86592,1866
36404,1247
76552,1588
25983,977
86412,1859
310759,3045
90266,1992
308339,2794
32335,1144
33024,1159
85690,1827
30043,1086
95500,2118
48405,1451
45837,1424
15405,596
38241,1296
3480,139
89363,1960
553,5
308951,2841
286903,2660
202793,2444
12117,471
88719,1942
3368,134
202489,2435
39359,1322
12381,477
81713,1700
86144,1849
197430,2305
305721,2686
310404,3026
209778,2593
78231,1619
81704,1699
78307,1621
24464,938
79189,1647
14013,556
35211,1214
77324,1612
13046,511
7651,298
53139,1473
2991,110
309078,2859
80509,1672
12396,479
8235,315
24365,932
11733,462
28772,1052
82261,1720
37658,1279
32966,1155
19184,755
119298,2240
208757,2570
95111,2107
688864,3093
197776,2318
91293,2023
16050,618
306034,2695
200627,2396
91253,2021
21676,847
10907,427
81922,1708
306424,2712
1533,42
84693,1803
22046,862
85953,1839
34845,1203
37031,1266
82607,1731
5478,207
310179,2997
12922,502
21502,838
307922,2771
309244,2879
81061,1685
87236,1895
7406,287
14525,571
200326,2389
23024,893
309665,2936
88282,1921
82192,1719
690365,3115
307242,2741
90979,2011
3067,113
73000,1509
459382,3071
30567,1100
7630,296
305987,2693
249786,2632
305583,2680
3023,111
21984,859
46716,1433
18166,707
87492,1901
308988,2849
94554,2099
30568,1101
84912,1808
84076,1785
226096,2616
3236,126
84527,1795
2249,71
21682,849
307995,2778
101899,2182
82765,1742
27073,1009
22658,883
3359,132
307689,2759
142572,2291
2060,64
201430,2412
566837,3074
17613,680
21537,840
17040,660
688433,3084
93998,2090
24670,944
118455,2235
112194,2216
6629,258
88262,1920
209582,2588
116992,2229
35484,1220
75917,1584
26709,994
75690,1578
94629,2101
13425,527
6415,246
309514,2922
32192,1140
75395,1563
83097,1751
18664,734
46261,1428
10129,392
85958,1840
2317,74
21027,822
308995,2851
308928,2839
18800,741
22111,866
43331,1386
2634,87
23040,894
133881,2275
307612,2755
34881,1204
82444,1724
39370,1323
102950,2189
208275,2558
56447,1476
14155,561
19215,757
120942,2247
42065,1367
4153,159
16676,639
83464,1760
4100,158
22445,877
2165,69
74982,1546
309609,2934
25566,967
3115,118
307594,2754
84534,1796
205293,2495
205231,2494
21669,846
309725,2945
205640,2508
11646,456
78097,1615
91842,2051
95605,2121
